name,def_file,def_line,src_usages,test_usages,pattern,scope
_raise,test_reject.py,646,0,3,Pattern 2 (Shared Test Utility),test
_fields_,test_reject_memory.py,24,0,1,Pattern 2 (Local Test Helper),test
_REPO_ROOT,capabilities\test_tif_policy.py,27,0,11,Pattern 2 (Shared Test Utility),test
_TIF_DIR,capabilities\conftest.py,14,0,3,Pattern 2 (Shared Test Utility),test
_repo_root,capabilities\test_adr_capability_links.py,41,0,6,Pattern 2 (Shared Test Utility),test
_yaml_list,capabilities\test_adr_capability_links.py,45,0,6,Pattern 2 (Shared Test Utility),test
_metadata_value,capabilities\test_evidence_refs.py,89,0,24,Pattern 2 (Shared Test Utility),test
_section,capabilities\test_adr_capability_links.py,57,0,8,Pattern 2 (Shared Test Utility),test
_test_index,capabilities\test_adr_capability_links.py,64,0,2,Pattern 2 (Shared Test Utility),test
_referenced_gap_exists,capabilities\test_adr_capability_links.py,85,0,2,Pattern 2 (Shared Test Utility),test
_SCRIPTS_QUALITY,capabilities\test_capability_chain_validation.py,21,0,2,Pattern 2 (Shared Test Utility),test
_SCRIPTS,capabilities\test_capability_chain_validation.py,22,0,2,Pattern 2 (Shared Test Utility),test
_write,capabilities\test_capability_chain_validation.py,35,0,134,Pattern 2 (Shared Test Utility),test
_minimal_claim,capabilities\test_capability_chain_validation.py,41,0,36,Pattern 2 (Shared Test Utility),test
_minimal_req,capabilities\test_capability_chain_validation.py,58,0,34,Pattern 2 (Shared Test Utility),test
_minimal_tif_py,capabilities\test_capability_chain_validation.py,98,0,18,Pattern 2 (Shared Test Utility),test
_minimal_raw_evidence,capabilities\test_capability_chain_validation.py,130,0,18,Pattern 2 (Shared Test Utility),test
_minimal_tif_spec,capabilities\test_capability_chain_validation.py,499,0,4,Pattern 2 (Shared Test Utility),test
_readme_with_tif_table,capabilities\test_capability_chain_validation.py,524,0,6,Pattern 2 (Shared Test Utility),test
_tif_spec_with_sections,capabilities\test_capability_chain_validation.py,674,0,22,Pattern 2 (Shared Test Utility),test
_readme_with_tif_table_full,capabilities\test_capability_chain_validation.py,719,0,4,Pattern 2 (Shared Test Utility),test
_RNG_SEED,capabilities\test_visualization_contracts.py,30,0,58,Pattern 2 (Shared Test Utility),test
_N_SAMPLES,capabilities\test_visualization_contracts.py,31,0,23,Pattern 2 (Shared Test Utility),test
_N_FEATURES,capabilities\test_visualization_contracts.py,32,0,22,Pattern 2 (Shared Test Utility),test
_N_TEST,capabilities\test_visualization_contracts.py,33,0,22,Pattern 2 (Shared Test Utility),test
_EVIDENCE_DIR,capabilities\test_evidence_refs.py,14,0,3,Pattern 2 (Shared Test Utility),test
_CLAIM_DIR,capabilities\test_evidence_refs.py,15,0,2,Pattern 2 (Shared Test Utility),test
_REQ_DIR,capabilities\test_evidence_refs.py,16,0,3,Pattern 2 (Shared Test Utility),test
_TIF_SPEC_DIR,capabilities\test_evidence_refs.py,17,0,5,Pattern 2 (Shared Test Utility),test
_TIF_README,capabilities\test_evidence_refs.py,18,0,2,Pattern 2 (Shared Test Utility),test
_REQUIRED_FIELDS,capabilities\test_evidence_refs.py,20,0,2,Pattern 2 (Shared Test Utility),test
_VALID_VERIFICATION_TYPES,capabilities\test_evidence_refs.py,32,0,2,Pattern 2 (Shared Test Utility),test
_BEHAVIORAL_VERIFICATION_TYPES,capabilities\test_evidence_refs.py,42,0,3,Pattern 2 (Shared Test Utility),test
_VALID_RESULTS,capabilities\test_evidence_refs.py,50,0,4,Pattern 2 (Shared Test Utility),test
_VALID_TIF_EXEMPTIONS,capabilities\test_evidence_refs.py,51,0,2,Pattern 2 (Shared Test Utility),test
_SHA_RE,capabilities\test_evidence_refs.py,57,0,2,Pattern 2 (Shared Test Utility),test
_evidence_files,capabilities\test_evidence_refs.py,60,0,6,Pattern 2 (Shared Test Utility),test
_parametrize_evidence,capabilities\test_evidence_refs.py,66,0,32,Pattern 2 (Shared Test Utility),test
_load_json,capabilities\test_evidence_refs.py,73,0,34,Pattern 2 (Shared Test Utility),test
_claim_index,capabilities\test_evidence_refs.py,77,0,2,Pattern 2 (Shared Test Utility),test
_req_index,capabilities\test_evidence_refs.py,81,0,2,Pattern 2 (Shared Test Utility),test
_tif_spec_index,capabilities\test_evidence_refs.py,85,0,4,Pattern 2 (Shared Test Utility),test
_requirement_text,capabilities\test_evidence_refs.py,94,0,4,Pattern 2 (Shared Test Utility),test
_requirement_strength,capabilities\test_evidence_refs.py,98,0,2,Pattern 2 (Shared Test Utility),test
_requirement_tif_exemption,capabilities\test_evidence_refs.py,102,0,2,Pattern 2 (Shared Test Utility),test
_has_valid_tif_exemption,capabilities\test_evidence_refs.py,107,0,2,Pattern 2 (Shared Test Utility),test
_acceptance_entries,capabilities\test_evidence_refs.py,112,0,6,Pattern 2 (Shared Test Utility),test
_indexes,capabilities\test_evidence_refs.py,119,0,3,Pattern 2 (Shared Test Utility),test
_TIF_PY_DIR,capabilities\test_tif_policy.py,28,0,8,Pattern 2 (Shared Test Utility),test
_TIF_UTILITY_MODULES,capabilities\test_tif_policy.py,30,0,2,Pattern 2 (Shared Test Utility),test
_get_tif_py_files,capabilities\test_tif_policy.py,36,0,12,Pattern 2 (Shared Test Utility),test
_read_source,capabilities\test_tif_policy.py,41,0,12,Pattern 2 (Shared Test Utility),test
_FORBIDDEN_INTERNAL_IMPORT,capabilities\test_tif_policy.py,70,0,2,Pattern 2 (Shared Test Utility),test
_FORBIDDEN_DIRECT_CONSTRUCTION,capabilities\test_tif_policy.py,96,0,2,Pattern 2 (Shared Test Utility),test
_PRIVATE_MEMBER_PATTERN,capabilities\test_tif_policy.py,123,0,2,Pattern 2 (Shared Test Utility),test
_CAPABILITY_TEST_RE,capabilities\test_tif_policy.py,194,0,2,Pattern 2 (Shared Test Utility),test
_TIF_REFS_RE,capabilities\test_tif_policy.py,195,0,2,Pattern 2 (Shared Test Utility),test
_TIF_EXEMPTION_RE,capabilities\test_tif_policy.py,196,0,2,Pattern 2 (Shared Test Utility),test
_REQUIRED_IDENTITY_FIELDS,capabilities\test_tif_policy.py,240,0,2,Pattern 2 (Shared Test Utility),test
_spec_table_value,capabilities\test_tif_policy.py,250,0,4,Pattern 2 (Shared Test Utility),test
_ALLOWED_CONTEXT_WORDS,docs\get_started\test_no_ce_agent_utils_recommendation.py,47,0,3,Pattern 2 (Shared Test Utility),test
_DATA_DIR,helpers\fixtures.py,10,0,7,Pattern 2 (Shared Test Utility),test
_clf,integration\test_reject_alternatives_integration.py,26,0,4,Pattern 2 (Shared Test Utility),test
_wrapper,integration\test_reject_alternatives_integration.py,27,0,21,Pattern 2 (Shared Test Utility),test
_get_explainer,unit\test_prune_quality_backfill.py,33,0,0,Pattern 2 (Local Test Helper),test
_CONFIG_PAYLOAD_KEYS,observability\test_config_governance_events.py,25,0,2,Pattern 2 (Shared Test Utility),test
_isolate_registry,observability\test_governance_events.py,27,0,0,Pattern 2 (Local Test Helper),test
_step_names,scripts\test_local_checks_profiles.py,13,0,10,Pattern 2 (Shared Test Utility),test
_explainer,calibrated_explanations\explanations\explanations.py,2028,49,2,Pattern 1 (Inter-module / Testing leaked),library
_reset_plotting_config_manager,unit\test_plot_default_promotion.py,20,0,0,Pattern 2 (Local Test Helper),test
_resolve_plot_plugin,unit\test_plotting_coverage.py,331,0,1,Pattern 2 (Local Test Helper),test
_load_deprecations_md,unit\api\test_deprecation_ledger_sync.py,19,0,8,Pattern 2 (Shared Test Utility),test
_classification_wrapper,unit\calibration\test_calibrator_primitive_roundtrip.py,21,0,6,Pattern 2 (Shared Test Utility),test
_regression_wrapper,unit\calibration\test_calibrator_primitive_roundtrip.py,31,0,6,Pattern 2 (Shared Test Utility),test
_v1_primitive,unit\calibration\test_calibrator_primitive_roundtrip.py,41,0,4,Pattern 2 (Shared Test Utility),test
_classification_explainer,unit\core\test_calibrated_explainer_more_paths.py,576,0,16,Pattern 2 (Shared Test Utility),test
_EMPTY_PYPROJECT,unit\core\test_calibrated_explainer_parallel_env.py,52,0,22,Pattern 2 (Shared Test Utility),test
_fitted_classification_wrapper,unit\core\test_parameter_surface_contracts.py,59,0,12,Pattern 2 (Shared Test Utility),test
_CALIBRATE_VALUES,unit\core\test_parameter_surface_contracts.py,165,0,3,Pattern 2 (Shared Test Utility),test
_EXPLAIN_VALUES,unit\core\test_parameter_surface_contracts.py,200,0,3,Pattern 2 (Shared Test Utility),test
_EXPLAIN_FAST_VALUES,unit\core\test_parameter_surface_contracts.py,213,0,3,Pattern 2 (Shared Test Utility),test
_PREDICT_VALUES,unit\core\test_parameter_surface_contracts.py,220,0,3,Pattern 2 (Shared Test Utility),test
_PREDICT_PROBA_VALUES,unit\core\test_parameter_surface_contracts.py,231,0,3,Pattern 2 (Shared Test Utility),test
_agg_backend,unit\core\test_parameter_surface_contracts.py,365,0,0,Pattern 2 (Local Test Helper),test
_fail_init,unit\core\test_reject_ncf_redteam.py,795,0,1,Pattern 2 (Local Test Helper),test
_predict,calibrated_explanations\integrations\shap.py,110,2,2,Pattern 1 (Inter-module / Testing leaked),library
_HALF_REJECTED,unit\core\test_reject_wp9_perf.py,102,0,17,Pattern 2 (Shared Test Utility),test
_explain_fn,calibrated_explanations\core\explain\orchestrator.py,1265,3,3,Pattern 1 (Inter-module / Testing leaked),library
_fake_sleep,unit\core\test_reject_wp9_perf.py,263,0,1,Pattern 2 (Local Test Helper),test
_fake_perf_counter,unit\core\test_reject_wp9_perf.py,266,0,1,Pattern 2 (Local Test Helper),test
_raise_override_failure,unit\core\test_removal_batch_replacements.py,169,0,1,Pattern 2 (Local Test Helper),test
_CLASSIFICATION_LEGACY_PAYLOAD,unit\explanations\test_adapter_golden_fixtures.py,17,0,11,Pattern 2 (Shared Test Utility),test
_CLASSIFICATION_DOMAIN_GOLDEN,unit\explanations\test_adapter_golden_fixtures.py,30,0,16,Pattern 2 (Shared Test Utility),test
_record,unit\explanations\test_calibrated_explanations.py,423,0,2,Pattern 2 (Shared Test Utility),test
_check_preconditions,calibrated_explanations\explanations\guarded_explanation.py,545,8,0,Consistent (Internal Only),library
_rank_features,unit\explanations\test_multiclass_plot_payload.py,38,2,0,Pattern 2 (Local Test Helper),test
_get_rules,unit\explanations\test_calibrated_explanations.py,400,1,0,Pattern 2 (Local Test Helper),test
_failing_predict_conjunctive,unit\explanations\test_conjunction_hardening.py,34,0,1,Pattern 2 (Local Test Helper),test
_make_minimal_factual,unit\explanations\test_explanation_domain_model.py,88,0,12,Pattern 2 (Shared Test Utility),test
_is_lesser,calibrated_explanations\explanations\explanation.py,4181,1,0,Consistent (Internal Only),library
_get_rule_str,calibrated_explanations\explanations\explanation.py,1571,1,0,Consistent (Internal Only),library
_legacy_payload,calibrated_explanations\explanations\explanations.py,727,0,0,Pattern 3 (Completely Dead),library
_factual_values,unit\explanations\test_multiclass_plot_payload.py,85,0,1,Pattern 2 (Local Test Helper),test
_predicts,unit\explanations\test_multiclass_plot_payload.py,86,0,1,Pattern 2 (Local Test Helper),test
_is_fast,unit\external_plugins\test_pipelines.py,122,0,1,Pattern 2 (Local Test Helper),test
_enable_fast_mode,unit\external_plugins\test_pipelines.py,125,0,1,Pattern 2 (Local Test Helper),test
_boom,unit\external_plugins\test_pipelines.py,227,0,1,Pattern 2 (Local Test Helper),test
_fake_compute_feature_effects,unit\external_plugins\test_pipelines.py,242,0,1,Pattern 2 (Local Test Helper),test
_resolve,unit\plugins\test_adr015_hardening.py,164,0,1,Pattern 2 (Local Test Helper),test
_FIXTURE_ROOT,unit\plugins\test_adr033_packaging_smoke.py,14,0,3,Pattern 2 (Shared Test Utility),test
_loader,unit\plugins\test_adr033_packaging_smoke.py,317,0,0,Pattern 2 (Local Test Helper),test
_minimal_plot_meta,unit\plugins\test_plot_extension_metadata.py,14,0,16,Pattern 2 (Shared Test Utility),test
_toggle_many,unit\plugins\test_trust_atomic.py,122,0,1,Pattern 2 (Local Test Helper),test
_toggle_alpha,unit\plugins\test_trust_atomic.py,172,0,1,Pattern 2 (Local Test Helper),test
_toggle_beta,unit\plugins\test_trust_atomic.py,177,0,1,Pattern 2 (Local Test Helper),test
_emit,calibrated_explanations\parallel\parallel.py,712,36,0,Consistent (Internal Only),library
_require_ce,calibrated_explanations\ce_agent_utils.py,110,4,0,Consistent (Internal Only),library
_is_wrapper,calibrated_explanations\ce_agent_utils.py,129,6,0,Consistent (Internal Only),library
_supports_kwarg,calibrated_explanations\ce_agent_utils.py,144,2,0,Consistent (Internal Only),library
_filter_kwargs,calibrated_explanations\core\reject\orchestrator.py,1427,6,0,Consistent (Internal Only),library
_ensure_required_methods,calibrated_explanations\ce_agent_utils.py,172,6,0,Consistent (Internal Only),library
_ensure_required_attrs,calibrated_explanations\ce_agent_utils.py,182,6,0,Consistent (Internal Only),library
_validate_wrapper_state,calibrated_explanations\ce_agent_utils.py,192,6,0,Consistent (Internal Only),library
_ce_strict_call,calibrated_explanations\ce_agent_utils.py,274,6,0,Consistent (Internal Only),library
_extract_top_features,calibrated_explanations\ce_agent_utils.py,316,2,0,Consistent (Internal Only),library
_extract_prediction_triplet,calibrated_explanations\ce_agent_utils.py,329,2,0,Consistent (Internal Only),library
_coerce_guarded_audit_payload,calibrated_explanations\ce_agent_utils.py,388,2,0,Consistent (Internal Only),library
_explain_and_narrate_impl,calibrated_explanations\ce_agent_utils.py,598,1,0,Consistent (Internal Only),library
_safe_call_with_kwargs,calibrated_explanations\ce_agent_utils.py,751,4,0,Consistent (Internal Only),library
_TELEMETRY_HOOK,calibrated_explanations\ce_agent_utils.py,81,5,0,Consistent (Internal Only),library
_fmt_num,calibrated_explanations\ce_agent_utils.py,447,6,0,Consistent (Internal Only),library
_fmt_interval,calibrated_explanations\ce_agent_utils.py,465,2,0,Consistent (Internal Only),library
_interval_bounds,calibrated_explanations\ce_agent_utils.py,470,2,0,Consistent (Internal Only),library
_cmd_config_show,calibrated_explanations\cli.py,13,1,0,Consistent (Internal Only),library
_cmd_config_export,calibrated_explanations\cli.py,23,1,0,Consistent (Internal Only),library
_cmd_plugins,calibrated_explanations\cli.py,36,1,0,Consistent (Internal Only),library
_CONTEXT_KEYS,calibrated_explanations\logging.py,17,3,0,Consistent (Internal Only),library
_context_vars,calibrated_explanations\logging.py,26,7,0,Consistent (Internal Only),library
_get_module_config_manager,calibrated_explanations\logging.py,30,2,0,Consistent (Internal Only),library
_coerce_bool,calibrated_explanations\core\config_manager.py,207,6,0,Consistent (Internal Only),library
_module_config_manager,calibrated_explanations\logging.py,34,5,0,Consistent (Internal Only),library
_get_plotting_config_manager,calibrated_explanations\plotting.py,30,6,0,Consistent (Internal Only),library
_bind_plot_plugin_config,calibrated_explanations\plotting.py,39,6,0,Consistent (Internal Only),library
_MATPLOTLIB_IMPORT_ERROR,calibrated_explanations\viz\_matplotlib_compat.py,46,16,0,Consistent (Internal Only),library
_require_matplotlib,calibrated_explanations\viz\__init__.py,54,22,0,Consistent (Internal Only),library
_read_plot_pyproject,calibrated_explanations\plotting.py,122,6,0,Consistent (Internal Only),library
_format_save_path,calibrated_explanations\plotting.py,143,10,0,Consistent (Internal Only),library
_resolve_explainer_from_explanation,calibrated_explanations\plotting.py,163,10,0,Consistent (Internal Only),library
_resolve_plot_style_chain,calibrated_explanations\plotting.py,196,4,0,Consistent (Internal Only),library
_BUILTIN_INSTANCE_PLOT_STYLES,calibrated_explanations\plotting.py,248,2,0,Consistent (Internal Only),library
_resolve_named_plot_style,calibrated_explanations\plotting.py,251,10,0,Consistent (Internal Only),library
_select_default_plot_style,calibrated_explanations\plotting.py,264,10,0,Consistent (Internal Only),library
_warn_and_log_plotspec_fallback,calibrated_explanations\plotting.py,302,14,0,Consistent (Internal Only),library
_render_instance_plot_plugin,calibrated_explanations\plotting.py,334,6,0,Consistent (Internal Only),library
_render_collection_plot_plugin,calibrated_explanations\plotting.py,391,2,0,Consistent (Internal Only),library
_plugin_instance_index,calibrated_explanations\plotting.py,443,6,0,Consistent (Internal Only),library
_plot_config_path,calibrated_explanations\plotting.py,475,4,0,Consistent (Internal Only),library
_setup_plot_style,calibrated_explanations\plotting.py,547,4,0,Consistent (Internal Only),library
_draw_proba_triangle_overlay,calibrated_explanations\plotting.py,1228,0,0,Pattern 3 (Completely Dead),library
_plot_proba_triangle,calibrated_explanations\viz\_matplotlib_compat.py,765,6,0,Consistent (Internal Only),library
_plot_alternative_dict,calibrated_explanations\explanations\explanations.py,39,2,0,Consistent (Internal Only),library
_plot_probabilistic_dict,calibrated_explanations\explanations\explanations.py,46,2,0,Consistent (Internal Only),library
_finite_or,calibrated_explanations\plotting.py,710,6,0,Consistent (Internal Only),library
_format_class,calibrated_explanations\plotting.py,758,8,0,Consistent (Internal Only),library
_safe_float,calibrated_explanations\plugins\builtins.py,1345,18,0,Consistent (Internal Only),library
_validate_invariants,calibrated_explanations\plugins\predict_monitor.py,132,4,0,Consistent (Internal Only),library
_reduce_mappingproxy,calibrated_explanations\__init__.py,25,1,0,Consistent (Internal Only),library
_perf_from_config,calibrated_explanations\api\config.py,19,2,0,Consistent (Internal Only),library
_build_perf_factory,calibrated_explanations\api\config.py,311,3,0,Consistent (Internal Only),library
_cfg,calibrated_explanations\core\wrap_explainer.py,262,29,0,Consistent (Internal Only),library
_cache_cfg,calibrated_explanations\api\config.py,291,2,0,Consistent (Internal Only),library
_parallel_cfg,calibrated_explanations\api\config.py,292,2,0,Consistent (Internal Only),library
_perf_factory,calibrated_explanations\api\config.py,283,3,0,Consistent (Internal Only),library
_F,calibrated_explanations\api\decorators.py,8,3,0,Consistent (Internal Only),library
_NONE_SENTINEL,calibrated_explanations\cache\cache.py,215,5,0,Consistent (Internal Only),library
_hash_part,calibrated_explanations\cache\cache.py,275,1,0,Consistent (Internal Only),library
_reconstruct_lru_cache,calibrated_explanations\cache\cache.py,827,1,0,Consistent (Internal Only),library
_reconstruct_calibrator_cache,calibrated_explanations\cache\cache.py,841,1,0,Consistent (Internal Only),library
_reconstruct_cache_config,calibrated_explanations\cache\cache.py,851,1,0,Consistent (Internal Only),library
_reconstruct_cache_metrics,calibrated_explanations\cache\cache.py,863,1,0,Consistent (Internal Only),library
_HAVE_CACHETOOLS,calibrated_explanations\cache\cache.py,46,2,0,Consistent (Internal Only),library
_safe_estimate,calibrated_explanations\cache\cache.py,586,3,0,Consistent (Internal Only),library
_evict_oldest,calibrated_explanations\cache\cache.py,595,1,0,Consistent (Internal Only),library
_evict_no_lock,calibrated_explanations\cache\cache.py,604,1,0,Consistent (Internal Only),library
_logger,calibrated_explanations\plugins\manager.py,142,44,0,Consistent (Internal Only),library
_size_estimator,calibrated_explanations\cache\cache.py,659,3,0,Consistent (Internal Only),library
_telemetry,calibrated_explanations\cache\cache.py,490,5,0,Consistent (Internal Only),library
_lock,calibrated_explanations\cache\cache.py,652,8,0,Consistent (Internal Only),library
_bytes,calibrated_explanations\cache\cache.py,755,7,0,Consistent (Internal Only),library
_version_lock,calibrated_explanations\cache\cache.py,802,4,0,Consistent (Internal Only),library
_store,calibrated_explanations\cache\cache.py,476,16,0,Consistent (Internal Only),library
_ttl,calibrated_explanations\cache\cache.py,132,3,0,Consistent (Internal Only),library
_expiries,calibrated_explanations\cache\cache.py,134,9,0,Consistent (Internal Only),library
_NAME_TO_MODULE,calibrated_explanations\viz\__init__.py,95,10,0,Consistent (Internal Only),library
_orch,calibrated_explanations\calibration\interval_learner.py,95,4,0,Consistent (Internal Only),library
_append_calibration_buffer,calibrated_explanations\calibration\interval_regressor.py,98,4,0,Consistent (Internal Only),library
_append_bins,calibrated_explanations\calibration\interval_regressor.py,129,2,0,Consistent (Internal Only),library
_ensure_capacity,calibrated_explanations\calibration\interval_regressor.py,149,3,0,Consistent (Internal Only),library
_from_primitive_v2,calibrated_explanations\calibration\venn_abers.py,438,2,0,Consistent (Internal Only),library
_fit_cps,calibrated_explanations\calibration\interval_regressor.py,738,1,0,Consistent (Internal Only),library
_fit_split_cps,calibrated_explanations\calibration\interval_regressor.py,750,1,0,Consistent (Internal Only),library
_bins_storage,calibrated_explanations\calibration\interval_regressor.py,590,13,0,Consistent (Internal Only),library
_bins_size,calibrated_explanations\calibration\interval_regressor.py,591,11,0,Consistent (Internal Only),library
_y_cal_hat_storage,calibrated_explanations\calibration\interval_regressor.py,714,8,0,Consistent (Internal Only),library
_y_cal_hat_size,calibrated_explanations\calibration\interval_regressor.py,715,6,0,Consistent (Internal Only),library
_residual_cal_storage,calibrated_explanations\calibration\interval_regressor.py,716,6,0,Consistent (Internal Only),library
_residual_cal_size,calibrated_explanations\calibration\interval_regressor.py,717,3,0,Consistent (Internal Only),library
_sigma_cal_storage,calibrated_explanations\calibration\interval_regressor.py,718,6,0,Consistent (Internal Only),library
_sigma_cal_size,calibrated_explanations\calibration\interval_regressor.py,719,3,0,Consistent (Internal Only),library
_as_list,calibrated_explanations\calibration\venn_abers.py,392,24,0,Consistent (Internal Only),library
_default,calibrated_explanations\calibration\interval_wrappers.py,66,8,0,Consistent (Internal Only),library
_calibrators,calibrated_explanations\calibration\interval_wrappers.py,24,6,0,Consistent (Internal Only),library
_X_cal,calibrated_explanations\calibration\state.py,58,10,0,Consistent (Internal Only),library
_y_cal,calibrated_explanations\calibration\state.py,99,3,0,Consistent (Internal Only),library
_get_calibration_data_hash,calibrated_explanations\calibration\summaries.py,50,2,0,Consistent (Internal Only),library
_fit_va,calibrated_explanations\calibration\venn_abers.py,112,2,0,Consistent (Internal Only),library
_predict_proba_with_difficulty,calibrated_explanations\calibration\venn_abers.py,153,2,0,Consistent (Internal Only),library
_select_interval_summary,calibrated_explanations\calibration\venn_abers.py,361,3,0,Consistent (Internal Only),library
_predict_proba,calibrated_explanations\calibration\venn_abers.py,501,6,0,Consistent (Internal Only),library
_is_multiclass,calibrated_explanations\calibration\venn_abers.py,485,3,0,Consistent (Internal Only),library
_simplex_summaries,calibrated_explanations\calibration\venn_abers.py,289,3,0,Consistent (Internal Only),library
_enforce_feature_filter_plugin_preferences,calibrated_explanations\core\calibrated_explainer.py,576,1,0,Consistent (Internal Only),library
_resolve_parallel_executor,calibrated_explanations\core\calibrated_explainer.py,633,1,0,Consistent (Internal Only),library
_interval_plugin_hints,calibrated_explanations\plugins\manager.py,216,5,0,Consistent (Internal Only),library
_interval_plugin_fallbacks,calibrated_explanations\plugins\manager.py,264,8,0,Consistent (Internal Only),library
_interval_preferred_identifier,calibrated_explanations\plugins\manager.py,312,7,0,Consistent (Internal Only),library
_telemetry_interval_sources,calibrated_explanations\plugins\manager.py,296,5,0,Consistent (Internal Only),library
_interval_plugin_identifiers,calibrated_explanations\plugins\manager.py,280,5,0,Consistent (Internal Only),library
_interval_context_metadata,calibrated_explanations\plugins\manager.py,344,5,0,Consistent (Internal Only),library
_explanation_plugin_overrides,calibrated_explanations\plugins\manager.py,565,7,0,Consistent (Internal Only),library
_interval_plugin_override,calibrated_explanations\plugins\manager.py,568,7,0,Consistent (Internal Only),library
_fast_interval_plugin_override,calibrated_explanations\plugins\manager.py,569,7,0,Consistent (Internal Only),library
_plot_style_override,calibrated_explanations\plugins\manager.py,461,4,0,Consistent (Internal Only),library
_explanation_plugin_instances,calibrated_explanations\plugins\manager.py,365,13,0,Consistent (Internal Only),library
_bridge_monitors,calibrated_explanations\core\calibrated_explainer.py,1253,7,0,Consistent (Internal Only),library
_pyproject_explanations,calibrated_explanations\plugins\manager.py,573,8,0,Consistent (Internal Only),library
_pyproject_intervals,calibrated_explanations\plugins\manager.py,574,8,0,Consistent (Internal Only),library
_pyproject_plots,calibrated_explanations\plugins\manager.py,575,9,0,Consistent (Internal Only),library
_invalidate_calibration_summaries,calibrated_explanations\core\calibrated_explainer.py,1377,1,0,Consistent (Internal Only),library
_get_sigma_test,calibrated_explanations\core\calibrated_explainer.py,1041,3,0,Consistent (Internal Only),library
_initialize_interval_learner_for_fast_explainer,calibrated_explanations\core\calibrated_explainer.py,1508,2,0,Consistent (Internal Only),library
_explain,calibrated_explanations\core\calibrated_explainer.py,1867,1,0,Consistent (Internal Only),library
_explain_impl,calibrated_explanations\core\calibrated_explainer.py,1892,1,0,Consistent (Internal Only),library
_initialized,calibrated_explanations\core\calibrated_explainer.py,2102,6,0,Consistent (Internal Only),library
_fast,calibrated_explanations\core\calibrated_explainer.py,1249,6,0,Consistent (Internal Only),library
_noise_type,calibrated_explanations\core\calibrated_explainer.py,2710,3,0,Consistent (Internal Only),library
_scale_factor,calibrated_explanations\core\calibrated_explainer.py,2725,3,0,Consistent (Internal Only),library
_severity,calibrated_explanations\core\calibrated_explainer.py,2740,3,0,Consistent (Internal Only),library
_feature_names,calibrated_explanations\core\calibrated_explainer.py,1439,5,0,Consistent (Internal Only),library
_lime_helper,external_plugins\integrations\lime_pipeline.py,91,11,0,Consistent (Internal Only),library
_shap_helper,external_plugins\integrations\shap_pipeline.py,104,12,0,Consistent (Internal Only),library
_predict_bridge,calibrated_explanations\core\calibrated_explainer.py,1199,2,0,Consistent (Internal Only),library
_perf_parallel,calibrated_explanations\core\wrap_explainer.py,292,20,0,Consistent (Internal Only),library
_plugin_manager,calibrated_explanations\core\calibrated_explainer.py,999,2,0,Consistent (Internal Only),library
_preprocessor_metadata,calibrated_explanations\core\calibrated_explainer.py,1304,8,0,Consistent (Internal Only),library
_last_explanation_mode,calibrated_explanations\plugins\manager.py,411,5,0,Consistent (Internal Only),library
_feature_filter_per_instance_ignore,calibrated_explanations\core\calibrated_explainer.py,1163,1,0,Consistent (Internal Only),library
_feature_filter_config,calibrated_explanations\core\wrap_explainer.py,316,5,0,Consistent (Internal Only),library
_categorical_value_counts_cache,calibrated_explanations\core\calibrated_explainer.py,1209,2,0,Consistent (Internal Only),library
_numeric_sorted_cache,calibrated_explanations\core\calibrated_explainer.py,1219,2,0,Consistent (Internal Only),library
_calibration_summary_shape,calibrated_explanations\core\calibrated_explainer.py,1229,2,0,Consistent (Internal Only),library
_tomllib,calibrated_explanations\core\config_helpers.py,21,8,0,Consistent (Internal Only),library
_UNSET,calibrated_explanations\core\config_helpers.py,30,5,0,Consistent (Internal Only),library
_tomli_w,calibrated_explanations\core\config_helpers.py,50,5,0,Consistent (Internal Only),library
_PROFILE_ID,calibrated_explanations\core\config_manager.py,18,3,0,Consistent (Internal Only),library
_SCHEMA_VERSION,calibrated_explanations\core\config_manager.py,19,3,0,Consistent (Internal Only),library
_PLUGIN_CONFIG_EXPORT_SCHEMA_VERSION,calibrated_explanations\core\config_manager.py,20,2,0,Consistent (Internal Only),library
_LOGGER,calibrated_explanations\plugins\_trust.py,15,20,0,Consistent (Internal Only),library
_PYPROJECT_TOOL_NAMESPACE,calibrated_explanations\core\config_manager.py,22,3,0,Consistent (Internal Only),library
_PLUGIN_CONFIG_SECTION,calibrated_explanations\core\config_manager.py,23,6,0,Consistent (Internal Only),library
_PLUGIN_CONFIG_ENV_KEY,calibrated_explanations\core\config_manager.py,24,12,0,Consistent (Internal Only),library
_DEFAULT_KNOWN_ENV_KEYS,calibrated_explanations\core\config_manager.py,25,2,0,Consistent (Internal Only),library
_freeze_config_value,calibrated_explanations\core\config_manager.py,139,8,0,Consistent (Internal Only),library
_SECRET_KEY_FRAGMENTS,calibrated_explanations\core\config_manager.py,150,2,0,Consistent (Internal Only),library
_is_secret_like_key,calibrated_explanations\core\config_manager.py,163,6,0,Consistent (Internal Only),library
_redact_mapping,calibrated_explanations\core\config_manager.py,168,12,0,Consistent (Internal Only),library
_schema_sensitive_keys,calibrated_explanations\core\config_manager.py,190,2,0,Consistent (Internal Only),library
_is_plugin_config_mapping,calibrated_explanations\core\config_manager.py,203,4,0,Consistent (Internal Only),library
_BOOL_LABELS,calibrated_explanations\core\config_manager.py,215,2,0,Consistent (Internal Only),library
_is_bool_like,calibrated_explanations\core\config_manager.py,229,1,0,Consistent (Internal Only),library
_is_identifier,calibrated_explanations\core\config_manager.py,237,9,0,Consistent (Internal Only),library
_is_identifier_list_or_scalar,calibrated_explanations\core\config_manager.py,241,8,0,Consistent (Internal Only),library
_build_default_spec,calibrated_explanations\core\config_manager.py,346,2,0,Consistent (Internal Only),library
_KNOWN_ENV_KEYS,calibrated_explanations\core\config_manager.py,374,3,5,Pattern 1 (Inter-module / Testing leaked),library
_PROCESS_CONFIG_MANAGER_LOCK,calibrated_explanations\core\config_manager.py,816,4,0,Consistent (Internal Only),library
_compute_source_count,calibrated_explanations\core\config_manager.py,439,1,0,Consistent (Internal Only),library
_emit_config_governance_event,calibrated_explanations\core\config_manager.py,446,3,0,Consistent (Internal Only),library
_validate_sections,calibrated_explanations\core\config_manager.py,466,1,0,Consistent (Internal Only),library
_parse_plugin_config_env_snapshot,calibrated_explanations\core\config_manager.py,549,1,0,Consistent (Internal Only),library
_resolve_raw_plugin_config,calibrated_explanations\core\config_manager.py,685,3,0,Consistent (Internal Only),library
_resolve_effective_key,calibrated_explanations\core\config_manager.py,790,1,0,Consistent (Internal Only),library
_SECTION_SCHEMA,calibrated_explanations\core\config_manager.py,375,2,0,Consistent (Internal Only),library
_RESOLUTION_SPEC,calibrated_explanations\core\config_manager.py,376,2,0,Consistent (Internal Only),library
_VALUE_VALIDATORS,calibrated_explanations\core\config_manager.py,377,2,0,Consistent (Internal Only),library
_pyproject_tool_namespace,calibrated_explanations\core\config_manager.py,378,2,0,Consistent (Internal Only),library
_env_snapshot,calibrated_explanations\core\config_manager.py,389,6,0,Consistent (Internal Only),library
_pyproject_snapshot,calibrated_explanations\core\config_manager.py,390,14,0,Consistent (Internal Only),library
_profile_id,calibrated_explanations\core\config_manager.py,393,3,0,Consistent (Internal Only),library
_schema_version,calibrated_explanations\core\config_manager.py,394,3,0,Consistent (Internal Only),library
_strict,calibrated_explanations\core\config_manager.py,395,4,0,Consistent (Internal Only),library
_source_count,calibrated_explanations\core\config_manager.py,397,2,0,Consistent (Internal Only),library
_validation_report,calibrated_explanations\core\config_manager.py,529,3,0,Consistent (Internal Only),library
_PROCESS_CONFIG_MANAGER,calibrated_explanations\core\config_manager.py,832,9,0,Consistent (Internal Only),library
_optional_bool,calibrated_explanations\core\difficulty_estimator_helpers.py,54,8,0,Consistent (Internal Only),library
_first_attr,calibrated_explanations\core\difficulty_estimator_helpers.py,70,10,0,Consistent (Internal Only),library
_PANDAS_AVAILABLE,calibrated_explanations\viz\narrative_plugin.py,24,5,0,Consistent (Internal Only),library
_as_float_list,calibrated_explanations\core\narrative_generator.py,133,4,0,Consistent (Internal Only),library
_split_conjunctive_values,calibrated_explanations\core\narrative_generator.py,584,2,0,Consistent (Internal Only),library
_split_conjunctive_conditions,calibrated_explanations\core\narrative_generator.py,593,2,0,Consistent (Internal Only),library
_parse_condition_segment,calibrated_explanations\core\narrative_generator.py,608,2,0,Consistent (Internal Only),library
_format_conjunctive_condition,calibrated_explanations\core\narrative_generator.py,634,2,0,Consistent (Internal Only),library
_align_marker,calibrated_explanations\core\narrative_generator.py,748,4,0,Consistent (Internal Only),library
_n_samples,calibrated_explanations\core\prediction_helpers.py,37,2,0,Consistent (Internal Only),library
_normalize_conditional_bins,calibrated_explanations\core\prediction_helpers.py,45,6,0,Consistent (Internal Only),library
_apply_conditional_categorizer,calibrated_explanations\core\prediction_helpers.py,60,4,0,Consistent (Internal Only),library
_sorted_labels,calibrated_explanations\core\prediction_helpers.py,68,4,0,Consistent (Internal Only),library
_as_2d_array,calibrated_explanations\core\validation.py,185,4,0,Consistent (Internal Only),library
_as_1d_array,calibrated_explanations\core\validation.py,198,6,0,Consistent (Internal Only),library
_get_bins,calibrated_explanations\core\wrap_explainer.py,877,6,0,Consistent (Internal Only),library
_assert_fitted,calibrated_explanations\core\wrap_explainer.py,933,12,0,Consistent (Internal Only),library
_assert_calibrated,calibrated_explanations\core\wrap_explainer.py,940,12,0,Consistent (Internal Only),library
_normalize_public_kwargs,calibrated_explanations\core\wrap_explainer.py,947,8,0,Consistent (Internal Only),library
_normalize_auto_encode_flag,calibrated_explanations\core\wrap_explainer.py,988,4,0,Consistent (Internal Only),library
_serialise_preprocessor_value,calibrated_explanations\core\wrap_explainer.py,998,9,0,Consistent (Internal Only),library
_extract_preprocessor_snapshot,calibrated_explanations\core\wrap_explainer.py,1017,2,0,Consistent (Internal Only),library
_build_preprocessor_metadata,calibrated_explanations\core\wrap_explainer.py,1058,2,0,Consistent (Internal Only),library
_raise_non_numeric_without_preprocessor,calibrated_explanations\core\wrap_explainer.py,1078,2,0,Consistent (Internal Only),library
_pre_fit_preprocess,calibrated_explanations\core\wrap_explainer.py,1091,3,0,Consistent (Internal Only),library
_pre_transform,calibrated_explanations\core\wrap_explainer.py,1141,4,0,Consistent (Internal Only),library
_maybe_preprocess_for_inference,calibrated_explanations\core\wrap_explainer.py,1162,6,0,Consistent (Internal Only),library
_finalize_fit,calibrated_explanations\core\wrap_explainer.py,1166,2,0,Consistent (Internal Only),library
_format_proba_output,calibrated_explanations\core\wrap_explainer.py,1182,2,0,Consistent (Internal Only),library
_validate_json_safe_mapping,calibrated_explanations\core\wrap_explainer.py,1371,3,0,Consistent (Internal Only),library
_state_path,calibrated_explanations\core\wrap_explainer.py,1394,2,0,Consistent (Internal Only),library
_sha256_bytes,calibrated_explanations\core\wrap_explainer.py,1410,8,0,Consistent (Internal Only),library
_sha256_file,calibrated_explanations\core\wrap_explainer.py,1415,1,0,Consistent (Internal Only),library
_calibrator_to_primitive,calibrated_explanations\core\wrap_explainer.py,1423,2,0,Consistent (Internal Only),library
_build_calibrator_primitive,calibrated_explanations\core\wrap_explainer.py,1446,1,0,Consistent (Internal Only),library
_restore_calibrator_from_primitive,calibrated_explanations\core\wrap_explainer.py,1467,2,0,Consistent (Internal Only),library
_build_explainer_config_payload,calibrated_explanations\core\wrap_explainer.py,1524,1,0,Consistent (Internal Only),library
_warn_dropping_mondrian_categorizer,calibrated_explanations\core\wrap_explainer.py,1628,1,0,Consistent (Internal Only),library
_auto_encode,calibrated_explanations\core\wrap_explainer.py,325,4,0,Consistent (Internal Only),library
_preprocessor,calibrated_explanations\core\wrap_explainer.py,1112,14,0,Consistent (Internal Only),library
_convert,calibrated_explanations\core\wrap_explainer.py,1830,8,0,Consistent (Internal Only),library
_unseen_category_policy,calibrated_explanations\core\wrap_explainer.py,326,3,0,Consistent (Internal Only),library
_pre_fitted,calibrated_explanations\core\wrap_explainer.py,1113,6,0,Consistent (Internal Only),library
_imported_preprocessor_mapping,calibrated_explanations\core\wrap_explainer.py,1363,1,0,Consistent (Internal Only),library
_run_single,calibrated_explanations\core\explain\benchmarks.py,57,2,0,Consistent (Internal Only),library
_build_empty_feature_result,calibrated_explanations\core\explain\feature_task.py,117,4,0,Consistent (Internal Only),library
_process_categorical_feature,calibrated_explanations\core\explain\feature_task.py,164,2,0,Consistent (Internal Only),library
_TELEMETRY_LOGGER,calibrated_explanations\core\explain\orchestrator.py,50,3,0,Consistent (Internal Only),library
_resolve_reject_policy_spec,calibrated_explanations\core\explain\orchestrator.py,54,2,0,Consistent (Internal Only),library
_resolve_effective_reject_policy,calibrated_explanations\core\explain\orchestrator.py,72,12,0,Consistent (Internal Only),library
_warn_source_index_issue,calibrated_explanations\core\explain\orchestrator.py,109,12,0,Consistent (Internal Only),library
_coerce_legacy_reject_result,calibrated_explanations\core\explain\orchestrator.py,120,12,0,Consistent (Internal Only),library
_resolve_source_indices_for_payload,calibrated_explanations\core\explain\orchestrator.py,140,8,0,Consistent (Internal Only),library
_coerce_ignore_items,calibrated_explanations\core\explain\orchestrator.py,282,6,0,Consistent (Internal Only),library
_derive_plot_chain,calibrated_explanations\core\explain\orchestrator.py,1976,2,0,Consistent (Internal Only),library
_significance,calibrated_explanations\explanations\guarded_explanation.py,530,8,0,Consistent (Internal Only),library
_n_neighbors,calibrated_explanations\core\explain\orchestrator.py,1581,4,0,Consistent (Internal Only),library
_normalize,calibrated_explanations\core\explain\orchestrator.py,1582,4,0,Consistent (Internal Only),library
_merge_adjacent,calibrated_explanations\core\explain\orchestrator.py,1583,4,0,Consistent (Internal Only),library
_verbose,calibrated_explanations\core\explain\orchestrator.py,1584,8,0,Consistent (Internal Only),library
_instance_parallel_task,calibrated_explanations\core\explain\parallel_instance.py,32,2,0,Consistent (Internal Only),library
_sequential_plugin,calibrated_explanations\core\explain\parallel_instance.py,96,3,0,Consistent (Internal Only),library
_build_explainer_from_spec,calibrated_explanations\core\explain\parallel_runtime.py,251,2,0,Consistent (Internal Only),library
_start_time,calibrated_explanations\core\explain\parallel_runtime.py,47,3,0,Consistent (Internal Only),library
_GOVERNANCE_LOGGER_NAME,calibrated_explanations\core\explain\_feature_filter.py,20,3,0,Consistent (Internal Only),library
_governance_logger,calibrated_explanations\core\explain\_feature_filter.py,21,2,0,Consistent (Internal Only),library
_get_feature_filter_config_manager,calibrated_explanations\core\explain\_feature_filter.py,27,2,0,Consistent (Internal Only),library
_reset_feature_filter_config_manager_for_testing,calibrated_explanations\core\explain\_feature_filter.py,35,0,0,Pattern 3 (Completely Dead),library
_feature_filter_config_manager,calibrated_explanations\core\explain\_feature_filter.py,31,5,0,Consistent (Internal Only),library
_require_guarded_calibration_alignment,calibrated_explanations\core\explain\_guarded_explain.py,58,2,0,Consistent (Internal Only),library
_merge_adjacent_bins,calibrated_explanations\core\explain\_guarded_explain.py,133,4,0,Consistent (Internal Only),library
_guarded_bin_dedupe_key,calibrated_explanations\core\explain\_guarded_explain.py,256,2,0,Consistent (Internal Only),library
_dedupe_guarded_bins,calibrated_explanations\core\explain\_guarded_explain.py,273,2,0,Consistent (Internal Only),library
_merge_run,calibrated_explanations\core\explain\_guarded_explain.py,291,10,0,Consistent (Internal Only),library
_merge_factual_anchor,calibrated_explanations\core\explain\_guarded_explain.py,354,2,0,Consistent (Internal Only),library
_finalise_group,calibrated_explanations\core\explain\_guarded_explain.py,460,10,0,Consistent (Internal Only),library
_guard_batch,calibrated_explanations\core\explain\_guarded_explain.py,838,2,0,Consistent (Internal Only),library
_batch_p_vals,calibrated_explanations\core\explain\_guarded_explain.py,839,2,0,Consistent (Internal Only),library
_constant_sigma,calibrated_explanations\core\prediction\interval_registry.py,74,2,0,Consistent (Internal Only),library
_freeze_context_value,calibrated_explanations\core\prediction\orchestrator.py,53,8,0,Consistent (Internal Only),library
_freeze_context_mapping,calibrated_explanations\core\prediction\orchestrator.py,66,8,0,Consistent (Internal Only),library
_config_env,calibrated_explanations\core\prediction\orchestrator.py,114,2,0,Consistent (Internal Only),library
_validate_prediction_result,calibrated_explanations\core\prediction\orchestrator.py,316,2,0,Consistent (Internal Only),library
_predict_impl,calibrated_explanations\core\prediction\orchestrator.py,366,3,0,Consistent (Internal Only),library
_record_interval_calibration_features,calibrated_explanations\core\prediction\orchestrator.py,661,2,0,Consistent (Internal Only),library
_validate_interval_output_sample,calibrated_explanations\core\prediction\orchestrator.py,1037,3,0,Consistent (Internal Only),library
_config_manager,calibrated_explanations\plugins\manager.py,143,19,0,Consistent (Internal Only),library
_predict_fn,calibrated_explanations\core\prediction\orchestrator.py,252,1,0,Consistent (Internal Only),library
_AMBIGUITY_WARNING_ISSUED,calibrated_explanations\core\reject\orchestrator.py,1977,3,0,Consistent (Internal Only),library
_VALID_NCF,calibrated_explanations\explanations\reject.py,36,7,0,Consistent (Internal Only),library
_DIFFICULTY_STRATEGIES,calibrated_explanations\core\reject\orchestrator.py,39,2,0,Consistent (Internal Only),library
_DEGRADED_MODE_ORDER,calibrated_explanations\core\reject\orchestrator.py,45,2,0,Consistent (Internal Only),library
_safe_length,calibrated_explanations\core\reject\orchestrator.py,64,8,0,Consistent (Internal Only),library
_normalize_degraded_mode,calibrated_explanations\core\reject\orchestrator.py,72,6,0,Consistent (Internal Only),library
_thresholds_equal,calibrated_explanations\core\reject\orchestrator.py,136,2,0,Consistent (Internal Only),library
_interval_width_score,calibrated_explanations\core\reject\orchestrator.py,197,8,0,Consistent (Internal Only),library
_margin_score,calibrated_explanations\core\reject\orchestrator.py,210,8,0,Consistent (Internal Only),library
_default_ncf_kind,calibrated_explanations\core\reject\orchestrator.py,224,8,0,Consistent (Internal Only),library
_default_score_cal,calibrated_explanations\core\reject\orchestrator.py,240,4,0,Consistent (Internal Only),library
_default_score_test,calibrated_explanations\core\reject\orchestrator.py,267,4,0,Consistent (Internal Only),library
_normalize_stored_ncf,calibrated_explanations\core\reject\orchestrator.py,330,4,0,Consistent (Internal Only),library
_legacy_base_ncf,calibrated_explanations\core\reject\orchestrator.py,347,6,0,Consistent (Internal Only),library
_ncf_scores_cal,calibrated_explanations\core\reject\orchestrator.py,395,4,0,Consistent (Internal Only),library
_ncf_scores_test,calibrated_explanations\core\reject\orchestrator.py,418,4,0,Consistent (Internal Only),library
_clip_difficulty_values,calibrated_explanations\core\reject\orchestrator.py,442,4,0,Consistent (Internal Only),library
_difficulty_values,calibrated_explanations\core\reject\orchestrator.py,483,4,0,Consistent (Internal Only),library
_normalize_scores_by_difficulty,calibrated_explanations\core\reject\orchestrator.py,534,4,0,Consistent (Internal Only),library
_ncf_scores_cal_difficulty_normalized,calibrated_explanations\core\reject\orchestrator.py,567,4,0,Consistent (Internal Only),library
_ncf_scores_test_difficulty_normalized,calibrated_explanations\core\reject\orchestrator.py,583,4,0,Consistent (Internal Only),library
_difficulty_normalized_reject_scores_enabled,calibrated_explanations\core\reject\orchestrator.py,597,4,0,Consistent (Internal Only),library
_ambiguity_novelty_reject_scores_enabled,calibrated_explanations\core\reject\orchestrator.py,602,4,0,Consistent (Internal Only),library
_novelty_values,calibrated_explanations\core\reject\orchestrator.py,607,2,0,Consistent (Internal Only),library
_novelty_weight,calibrated_explanations\core\reject\orchestrator.py,652,2,0,Consistent (Internal Only),library
_apply_novelty_penalty,calibrated_explanations\core\reject\orchestrator.py,670,2,0,Consistent (Internal Only),library
_ncf_scores_cal_ambiguity_normalized_novelty_penalized,calibrated_explanations\core\reject\orchestrator.py,707,2,0,Consistent (Internal Only),library
_ncf_scores_test_ambiguity_normalized_novelty_penalized,calibrated_explanations\core\reject\orchestrator.py,737,2,0,Consistent (Internal Only),library
_experimental_multiclass_top1_correctness_strategy,calibrated_explanations\core\reject\orchestrator.py,947,1,0,Consistent (Internal Only),library
_experimental_ambiguity_normalized_novelty_penalized_strategy,calibrated_explanations\core\reject\orchestrator.py,1044,1,0,Consistent (Internal Only),library
_experimental_difficulty_normalized_strategy,calibrated_explanations\core\reject\orchestrator.py,1138,2,0,Consistent (Internal Only),library
_resolve_regression_effective_threshold,calibrated_explanations\core\reject\orchestrator.py,1434,1,0,Consistent (Internal Only),library
_compute_prediction_set,calibrated_explanations\core\reject\orchestrator.py,1626,1,0,Consistent (Internal Only),library
_build_contract_metadata,calibrated_explanations\core\reject\orchestrator.py,2182,3,0,Consistent (Internal Only),library
_build_decision_artifact,calibrated_explanations\core\reject\orchestrator.py,2237,2,0,Consistent (Internal Only),library
_build_payload_artifact,calibrated_explanations\core\reject\orchestrator.py,2282,2,0,Consistent (Internal Only),library
_builtin_strategy,calibrated_explanations\core\reject\orchestrator.py,2302,2,0,Consistent (Internal Only),library
_strategies_lock,calibrated_explanations\core\reject\orchestrator.py,1423,4,0,Consistent (Internal Only),library
_reject_ambiguity_novelty_normalized,calibrated_explanations\core\reject\orchestrator.py,1133,2,0,Consistent (Internal Only),library
_reject_novelty_estimator,calibrated_explanations\core\reject\orchestrator.py,1134,2,0,Consistent (Internal Only),library
_reject_novelty_weight,calibrated_explanations\core\reject\orchestrator.py,1135,2,0,Consistent (Internal Only),library
_reject_difficulty_normalized,calibrated_explanations\core\reject\orchestrator.py,1401,2,0,Consistent (Internal Only),library
_msg,calibrated_explanations\core\reject\orchestrator.py,1968,3,0,Consistent (Internal Only),library
_normalized_ncf,calibrated_explanations\core\reject\orchestrator.py,855,3,0,Consistent (Internal Only),library
_validate_prediction_invariant,calibrated_explanations\plugins\explanations.py,580,5,0,Consistent (Internal Only),library
_get_percentiles,calibrated_explanations\explanations\explanation.py,899,4,0,Consistent (Internal Only),library
_build_uncertainty_payload,calibrated_explanations\explanations\explanation.py,944,8,0,Consistent (Internal Only),library
_build_interval,calibrated_explanations\explanations\explanation.py,982,7,0,Consistent (Internal Only),library
_build_instance_uncertainty,calibrated_explanations\explanations\explanation.py,994,4,0,Consistent (Internal Only),library
_safe_feature_name,calibrated_explanations\explanations\explanation.py,1027,12,0,Consistent (Internal Only),library
_parse_condition,calibrated_explanations\explanations\explanation.py,1062,2,0,Consistent (Internal Only),library
_build_condition_payload,calibrated_explanations\explanations\explanation.py,1081,3,0,Consistent (Internal Only),library
_predict_conjunctive,calibrated_explanations\explanations\explanation.py,1254,1,0,Consistent (Internal Only),library
_rules_with_impact,calibrated_explanations\explanations\explanation.py,2606,4,0,Consistent (Internal Only),library
_factual_rule_to_dict,calibrated_explanations\explanations\explanation.py,1906,3,0,Consistent (Internal Only),library
_set_up_result,calibrated_explanations\explanations\explanation.py,2911,3,0,Consistent (Internal Only),library
_append_rule,calibrated_explanations\explanations\explanation.py,2948,4,0,Consistent (Internal Only),library
_pareto_rule_indexes,calibrated_explanations\explanations\explanation.py,3147,2,0,Consistent (Internal Only),library
_pareto_filter_rules,calibrated_explanations\explanations\explanation.py,3243,0,0,Pattern 3 (Completely Dead),library
_alternative_rule_to_dict,calibrated_explanations\explanations\explanation.py,3261,3,0,Consistent (Internal Only),library
_extracted_non_conjunctive_rules,calibrated_explanations\explanations\explanation.py,3310,2,0,Consistent (Internal Only),library
_rule_size,calibrated_explanations\explanations\explanation.py,3164,4,0,Consistent (Internal Only),library
_clone_value,calibrated_explanations\explanations\explanation.py,828,4,0,Consistent (Internal Only),library
_filter_value,calibrated_explanations\explanations\explanation.py,837,2,0,Consistent (Internal Only),library
_restore,calibrated_explanations\explanations\legacy_conjunctions.py,74,4,0,Consistent (Internal Only),library
_raise_on_predict_error,calibrated_explanations\explanations\explanation.py,3631,4,0,Consistent (Internal Only),library
_feature_length,calibrated_explanations\explanations\legacy_conjunctions.py,339,8,0,Consistent (Internal Only),library
_coerce_feature_scalar,calibrated_explanations\explanations\explanation.py,3691,4,0,Consistent (Internal Only),library
_summarize,calibrated_explanations\explanations\explanation.py,3706,4,0,Consistent (Internal Only),library
_is_super_explanation,calibrated_explanations\explanations\explanation.py,3381,4,0,Consistent (Internal Only),library
_is_semi_explanation,calibrated_explanations\explanations\explanation.py,3434,4,0,Consistent (Internal Only),library
_is_counter_explanation,calibrated_explanations\explanations\explanation.py,3487,4,0,Consistent (Internal Only),library
_format_feature,calibrated_explanations\explanations\explanation.py,2623,2,0,Consistent (Internal Only),library
_rule_cost,calibrated_explanations\explanations\explanation.py,3169,2,0,Consistent (Internal Only),library
_MAX_LOGGED_ERRORS,calibrated_explanations\explanations\explanation.py,3632,2,0,Consistent (Internal Only),library
_parent,calibrated_explanations\explanations\explanation.py,654,2,0,Consistent (Internal Only),library
_exp_to_domain,calibrated_explanations\explanations\explanations.py,769,4,0,Consistent (Internal Only),library
_build_calibration_metadata,calibrated_explanations\explanations\explanations.py,822,1,0,Consistent (Internal Only),library
_build_model_metadata,calibrated_explanations\explanations\explanations.py,829,1,0,Consistent (Internal Only),library
_collection_metadata,calibrated_explanations\explanations\explanations.py,838,5,0,Consistent (Internal Only),library
_convert_to_alternative_explanations,calibrated_explanations\explanations\explanations.py,1156,1,0,Consistent (Internal Only),library
_preload_lime,external_plugins\integrations\lime_pipeline.py,75,2,0,Consistent (Internal Only),library
_first_explanation_for_instance,calibrated_explanations\explanations\explanations.py,2287,6,0,Consistent (Internal Only),library
_build_factual_plot_payload,calibrated_explanations\explanations\explanations.py,3285,1,0,Consistent (Internal Only),library
_feature_names_cache,calibrated_explanations\explanations\explanations.py,932,7,0,Consistent (Internal Only),library
_predictions_cache,calibrated_explanations\explanations\explanations.py,961,7,0,Consistent (Internal Only),library
_probabilities_cache,calibrated_explanations\explanations\explanations.py,984,8,0,Consistent (Internal Only),library
_lower_cache,calibrated_explanations\explanations\explanations.py,1004,7,0,Consistent (Internal Only),library
_upper_cache,calibrated_explanations\explanations\explanations.py,1020,7,0,Consistent (Internal Only),library
_class_labels_cache,calibrated_explanations\explanations\explanations.py,949,7,0,Consistent (Internal Only),library
_rank_features_for_multiclass,calibrated_explanations\explanations\explanations.py,3017,4,0,Consistent (Internal Only),library
_last_telemetry,calibrated_explanations\plugins\manager.py,421,5,0,Consistent (Internal Only),library
_guarded_condition_str,calibrated_explanations\explanations\guarded_explanation.py,96,10,0,Consistent (Internal Only),library
_to_python,calibrated_explanations\explanations\guarded_explanation.py,123,28,0,Consistent (Internal Only),library
_feature_name,calibrated_explanations\explanations\guarded_explanation.py,130,4,0,Consistent (Internal Only),library
_sorted_guarded_bins,calibrated_explanations\explanations\guarded_explanation.py,135,4,0,Consistent (Internal Only),library
_filter_conjunctions_by_guard,calibrated_explanations\explanations\guarded_explanation.py,639,2,0,Consistent (Internal Only),library
_guarded_bins,calibrated_explanations\explanations\guarded_explanation.py,525,10,0,Consistent (Internal Only),library
_guarded_feature_names,calibrated_explanations\explanations\guarded_explanation.py,526,12,0,Consistent (Internal Only),library
_guarded_categorical,calibrated_explanations\explanations\guarded_explanation.py,527,7,0,Consistent (Internal Only),library
_guarded_verbose,calibrated_explanations\explanations\guarded_explanation.py,528,3,0,Consistent (Internal Only),library
_guard,calibrated_explanations\explanations\guarded_explanation.py,529,6,0,Consistent (Internal Only),library
_conjunction_audit,calibrated_explanations\explanations\guarded_explanation.py,682,14,0,Consistent (Internal Only),library
_predict_conjunctive_legacy,calibrated_explanations\explanations\legacy_conjunctions.py,17,4,0,Consistent (Internal Only),library
_clone_payload,calibrated_explanations\explanations\_conjunctions.py,50,9,0,Consistent (Internal Only),library
_normalise_features,calibrated_explanations\explanations\legacy_conjunctions.py,334,8,0,Consistent (Internal Only),library
_log,calibrated_explanations\explanations\models.py,18,5,0,Consistent (Internal Only),library
_normalize_explanation_type,calibrated_explanations\explanations\models.py,171,2,0,Consistent (Internal Only),library
_safe_pick,calibrated_explanations\explanations\models.py,98,4,0,Consistent (Internal Only),library
_rb_pick,calibrated_explanations\explanations\models.py,127,6,0,Consistent (Internal Only),library
_LEGACY_NCF_SILENT_MAP,calibrated_explanations\explanations\reject.py,37,3,0,Consistent (Internal Only),library
_REMOVED_EXPLICIT_NCF,calibrated_explanations\explanations\reject.py,38,2,0,Consistent (Internal Only),library
_require_metadata_value,calibrated_explanations\explanations\reject.py,336,22,0,Consistent (Internal Only),library
_to_json_safe,calibrated_explanations\explanations\reject.py,473,6,0,Consistent (Internal Only),library
_normalize_raw_count_metadata,calibrated_explanations\explanations\reject.py,497,10,0,Consistent (Internal Only),library
_canonicalize_degraded_mode,calibrated_explanations\explanations\reject.py,521,6,0,Consistent (Internal Only),library
_normalize_contract_metadata,calibrated_explanations\explanations\reject.py,537,12,0,Consistent (Internal Only),library
_ensure_runtime_available,calibrated_explanations\explanations\reject.py,966,4,0,Consistent (Internal Only),library
_copy_collection_attributes,calibrated_explanations\explanations\reject.py,974,4,0,Consistent (Internal Only),library
_copy_array_or_none,calibrated_explanations\explanations\reject.py,1032,6,0,Consistent (Internal Only),library
_lightweight_reject_metadata,calibrated_explanations\explanations\reject.py,1042,12,0,Consistent (Internal Only),library
_resolve_source_indices_for_wrapper,calibrated_explanations\explanations\reject.py,1058,6,0,Consistent (Internal Only),library
_align_reject_field_to_payload,calibrated_explanations\explanations\reject.py,1170,22,0,Consistent (Internal Only),library
_prune_unpickleable_state,calibrated_explanations\explanations\reject.py,1219,4,0,Consistent (Internal Only),library
_validate_key_indexing,calibrated_explanations\explanations\reject.py,766,4,0,Consistent (Internal Only),library
_slice_reject_fields,calibrated_explanations\explanations\reject.py,826,4,0,Consistent (Internal Only),library
_metadata,calibrated_explanations\explanations\reject.py,957,33,0,Consistent (Internal Only),library
_pickled_readonly,calibrated_explanations\explanations\reject.py,1571,2,0,Consistent (Internal Only),library
_coerce_feature_entry,calibrated_explanations\explanations\_conjunctions.py,189,1,0,Consistent (Internal Only),library
_normalize_feature_entry,calibrated_explanations\explanations\_conjunctions.py,195,1,0,Consistent (Internal Only),library
_normalize_value_entry,calibrated_explanations\explanations\_conjunctions.py,201,2,0,Consistent (Internal Only),library
_combination_keys,calibrated_explanations\explanations\_conjunctions.py,41,5,0,Consistent (Internal Only),library
_schema_json,calibrated_explanations\schema\validation.py,26,5,0,Consistent (Internal Only),library
_config_schema_json,calibrated_explanations\governance\events.py,47,2,0,Consistent (Internal Only),library
_iso_timestamp,calibrated_explanations\governance\events.py,56,4,0,Consistent (Internal Only),library
_normalize_config_event_details,calibrated_explanations\governance\events.py,233,2,0,Consistent (Internal Only),library
_enabled,calibrated_explanations\integrations\shap.py,97,21,0,Consistent (Internal Only),library
_explainer_instance,calibrated_explanations\integrations\shap.py,130,24,0,Consistent (Internal Only),library
_reference_explanation,calibrated_explanations\integrations\shap.py,131,16,0,Consistent (Internal Only),library
_effective_min_instances,calibrated_explanations\parallel\parallel.py,277,2,0,Consistent (Internal Only),library
_effective_min_batch_threshold,calibrated_explanations\parallel\parallel.py,284,2,0,Consistent (Internal Only),library
_tiny_workload_threshold,calibrated_explanations\parallel\parallel.py,290,2,0,Consistent (Internal Only),library
_resolve_strategy,calibrated_explanations\parallel\parallel.py,432,1,0,Consistent (Internal Only),library
_get_cgroup_cpu_quota,calibrated_explanations\parallel\parallel.py,464,1,0,Consistent (Internal Only),library
_is_ci_environment,calibrated_explanations\parallel\parallel.py,513,1,0,Consistent (Internal Only),library
_auto_strategy,calibrated_explanations\parallel\parallel.py,519,1,0,Consistent (Internal Only),library
_serial_strategy,calibrated_explanations\parallel\parallel.py,599,2,0,Consistent (Internal Only),library
_process_strategy,calibrated_explanations\parallel\parallel.py,638,1,0,Consistent (Internal Only),library
_JoblibParallel,calibrated_explanations\parallel\parallel.py,32,9,0,Consistent (Internal Only),library
_joblib_delayed,calibrated_explanations\parallel\parallel.py,33,5,0,Consistent (Internal Only),library
_warned_min_batch,calibrated_explanations\parallel\parallel.py,335,3,0,Consistent (Internal Only),library
_warned_tiny_workload,calibrated_explanations\parallel\parallel.py,357,3,0,Consistent (Internal Only),library
_RUNTIME_PLUGIN_API_MAJOR,calibrated_explanations\plugins\base.py,19,4,0,Consistent (Internal Only),library
_RUNTIME_PLUGIN_API_MINOR,calibrated_explanations\plugins\base.py,20,4,0,Consistent (Internal Only),library
_RUNTIME_PLUGIN_API_PATCH,calibrated_explanations\plugins\base.py,21,4,0,Consistent (Internal Only),library
_SEMVER_RE,calibrated_explanations\plugins\base.py,22,2,0,Consistent (Internal Only),library
_GOVERNANCE_LOGGER,calibrated_explanations\plugins\base.py,23,2,0,Consistent (Internal Only),library
_CANONICAL_MODALITIES,calibrated_explanations\plugins\base.py,24,2,0,Consistent (Internal Only),library
_MODALITY_ALIASES,calibrated_explanations\plugins\base.py,31,3,0,Consistent (Internal Only),library
_PROVISIONAL_CONFIG_SCHEMA_VERSION,calibrated_explanations\plugins\base.py,38,3,0,Consistent (Internal Only),library
_CONFIG_SCHEMA_TYPES,calibrated_explanations\plugins\base.py,60,3,0,Consistent (Internal Only),library
_ensure_sequence_of_strings,calibrated_explanations\plugins\base.py,85,8,0,Consistent (Internal Only),library
_parse_plugin_api_version,calibrated_explanations\plugins\base.py,102,2,0,Consistent (Internal Only),library
_normalise_modality,calibrated_explanations\plugins\base.py,144,6,0,Consistent (Internal Only),library
_normalise_data_modalities,calibrated_explanations\plugins\base.py,158,2,0,Consistent (Internal Only),library
_schema_keys,calibrated_explanations\plugins\base.py,198,4,0,Consistent (Internal Only),library
_config_value_matches_type,calibrated_explanations\plugins\base.py,259,4,0,Consistent (Internal Only),library
_caps,calibrated_explanations\plugins\base.py,407,2,0,Consistent (Internal Only),library
_supports_calibrated_explainer,calibrated_explanations\plugins\builtins.py,190,3,0,Consistent (Internal Only),library
_register_builtin_fast_plugins,calibrated_explanations\plugins\builtins.py,1680,2,0,Consistent (Internal Only),library
_register_builtins,calibrated_explanations\plugins\builtins.py,1819,3,0,Consistent (Internal Only),library
_context,calibrated_explanations\viz\plugins.py,49,7,2,Pattern 1 (Inter-module / Testing leaked),library
_bridge,calibrated_explanations\plugins\predict_monitor.py,53,9,0,Consistent (Internal Only),library
_normalise_sequence,calibrated_explanations\plugins\builtins.py,1391,4,0,Consistent (Internal Only),library
_register_fast_plugins,calibrated_explanations\plugins\builtins.py,1883,4,0,Consistent (Internal Only),library
_LIST_KIND_CHOICES,calibrated_explanations\plugins\cli.py,41,4,0,Consistent (Internal Only),library
_SHOW_KIND_CHOICES,calibrated_explanations\plugins\cli.py,49,2,0,Consistent (Internal Only),library
_TRUST_KIND_CHOICES,calibrated_explanations\plugins\cli.py,50,3,0,Consistent (Internal Only),library
_SINGULAR_LABELS,calibrated_explanations\plugins\cli.py,52,2,0,Consistent (Internal Only),library
_emit_header,calibrated_explanations\plugins\cli.py,84,15,0,Consistent (Internal Only),library
_format_common_metadata,calibrated_explanations\plugins\cli.py,90,11,0,Consistent (Internal Only),library
_emit_explanation_descriptor,calibrated_explanations\plugins\cli.py,97,3,0,Consistent (Internal Only),library
_emit_interval_descriptor,calibrated_explanations\plugins\cli.py,117,3,0,Consistent (Internal Only),library
_emit_plot_descriptor,calibrated_explanations\plugins\cli.py,131,3,0,Consistent (Internal Only),library
_emit_plot_builder_descriptor,calibrated_explanations\plugins\cli.py,151,3,0,Consistent (Internal Only),library
_emit_plot_renderer_descriptor,calibrated_explanations\plugins\cli.py,167,3,0,Consistent (Internal Only),library
_emit_discovery_report,calibrated_explanations\plugins\cli.py,180,5,0,Consistent (Internal Only),library
_parse_modality_filter,calibrated_explanations\plugins\cli.py,204,2,0,Consistent (Internal Only),library
_cmd_list,calibrated_explanations\plugins\cli.py,229,2,0,Consistent (Internal Only),library
_cmd_report,calibrated_explanations\plugins\cli.py,309,2,0,Consistent (Internal Only),library
_cmd_validate_plot,calibrated_explanations\plugins\cli.py,318,2,0,Consistent (Internal Only),library
_cmd_validate_interval,calibrated_explanations\plugins\cli.py,359,2,0,Consistent (Internal Only),library
_cmd_explain_interval,calibrated_explanations\plugins\cli.py,378,1,0,Consistent (Internal Only),library
_cmd_set_default,calibrated_explanations\plugins\cli.py,398,2,0,Consistent (Internal Only),library
_cmd_show,calibrated_explanations\plugins\cli.py,421,2,0,Consistent (Internal Only),library
_cmd_trust,calibrated_explanations\plugins\cli.py,452,3,0,Consistent (Internal Only),library
_emit_records,calibrated_explanations\plugins\cli.py,186,6,0,Consistent (Internal Only),library
_iter_rule_mappings,calibrated_explanations\plugins\explanations.py,456,2,0,Consistent (Internal Only),library
_validate_rule_weight_interval,calibrated_explanations\plugins\explanations.py,479,2,0,Consistent (Internal Only),library
_validate_alternative_reference_prediction,calibrated_explanations\plugins\explanations.py,510,2,0,Consistent (Internal Only),library
_validate_alternative_rule_prediction,calibrated_explanations\plugins\explanations.py,530,2,0,Consistent (Internal Only),library
_validate_numeric_interval,calibrated_explanations\plugins\explanations.py,554,4,0,Consistent (Internal Only),library
_inherits_calibrated_explanations,calibrated_explanations\plugins\explanations.py,357,2,0,Consistent (Internal Only),library
_inherits_calibrated_explanation,calibrated_explanations\plugins\explanations.py,376,2,0,Consistent (Internal Only),library
_freeze_value,calibrated_explanations\plugins\explanations.py,265,26,0,Consistent (Internal Only),library
_expected_calibration_rows,calibrated_explanations\plugins\intervals.py,198,2,0,Consistent (Internal Only),library
_split_csv,calibrated_explanations\plugins\manager.py,69,6,0,Consistent (Internal Only),library
_coerce_string_tuple,calibrated_explanations\plugins\manager.py,75,10,0,Consistent (Internal Only),library
_plugin_meta_trusted,calibrated_explanations\plugins\manager.py,85,4,0,Consistent (Internal Only),library
_trim_explanation_plugin_instances,calibrated_explanations\plugins\manager.py,900,2,0,Consistent (Internal Only),library
_default_explanation_identifiers,calibrated_explanations\plugins\manager.py,148,3,0,Consistent (Internal Only),library
_default_interval_identifiers,calibrated_explanations\plugins\manager.py,149,3,0,Consistent (Internal Only),library
_explanation_plugin_fallbacks,calibrated_explanations\plugins\manager.py,232,5,0,Consistent (Internal Only),library
_plot_plugin_fallbacks,calibrated_explanations\plugins\manager.py,248,7,0,Consistent (Internal Only),library
_explanation_preferred_identifier,calibrated_explanations\plugins\manager.py,328,5,0,Consistent (Internal Only),library
_explanation_plugin_identifiers,calibrated_explanations\plugins\manager.py,376,6,0,Consistent (Internal Only),library
_plot_style_chain,calibrated_explanations\plugins\manager.py,1410,4,0,Consistent (Internal Only),library
_explanation_contexts,calibrated_explanations\plugins\manager.py,401,4,0,Consistent (Internal Only),library
_explanation_orchestrator,calibrated_explanations\plugins\manager.py,1402,3,0,Consistent (Internal Only),library
_prediction_orchestrator,calibrated_explanations\plugins\manager.py,1403,4,0,Consistent (Internal Only),library
_reject_orchestrator,calibrated_explanations\plugins\manager.py,1404,3,0,Consistent (Internal Only),library
_is_fast_id,calibrated_explanations\plugins\manager.py,674,2,0,Consistent (Internal Only),library
_resolve_type_alias,calibrated_explanations\plugins\plots.py,21,2,0,Consistent (Internal Only),library
_ENTRYPOINT_GROUP,calibrated_explanations\plugins\registry.py,49,4,0,Consistent (Internal Only),library
_freeze_meta,calibrated_explanations\plugins\registry.py,60,10,0,Consistent (Internal Only),library
_normalise_trust,calibrated_explanations\plugins\registry.py,65,9,0,Consistent (Internal Only),library
_env_trusted_names,calibrated_explanations\plugins\registry.py,80,3,0,Consistent (Internal Only),library
_pyproject_trusted_identifiers,calibrated_explanations\plugins\registry.py,96,2,0,Consistent (Internal Only),library
_trusted_identifiers,calibrated_explanations\plugins\registry.py,114,2,0,Consistent (Internal Only),library
_env_denylist,calibrated_explanations\plugins\registry.py,119,2,0,Consistent (Internal Only),library
_should_trust,calibrated_explanations\plugins\registry.py,136,13,0,Consistent (Internal Only),library
_update_trust_keys,calibrated_explanations\plugins\registry.py,158,43,0,Consistent (Internal Only),library
_propagate_trust_metadata,calibrated_explanations\plugins\registry.py,169,13,0,Consistent (Internal Only),library
_warn_untrusted_plugin,calibrated_explanations\plugins\registry.py,199,3,0,Consistent (Internal Only),library
_log_plugin_registration_event,calibrated_explanations\plugins\registry.py,225,8,0,Consistent (Internal Only),library
_resolve_plugin_module_file,calibrated_explanations\plugins\registry.py,245,3,0,Consistent (Internal Only),library
_verify_plugin_checksum,calibrated_explanations\plugins\registry.py,266,13,0,Consistent (Internal Only),library
_EXPLANATION_PROTOCOL_VERSION,calibrated_explanations\plugins\registry.py,320,5,0,Consistent (Internal Only),library
_EXPLANATION_VALID_MODES,calibrated_explanations\plugins\registry.py,323,2,0,Consistent (Internal Only),library
_ensure_sequence,calibrated_explanations\plugins\registry.py,326,19,0,Consistent (Internal Only),library
_validate_dependencies,calibrated_explanations\plugins\registry.py,385,8,0,Consistent (Internal Only),library
_coerce_string_collection,calibrated_explanations\plugins\registry.py,390,7,0,Consistent (Internal Only),library
_normalise_dependency_field,calibrated_explanations\plugins\registry.py,431,7,0,Consistent (Internal Only),library
_normalise_tasks,calibrated_explanations\plugins\registry.py,453,3,0,Consistent (Internal Only),library
_ensure_bool,calibrated_explanations\plugins\registry.py,525,15,0,Consistent (Internal Only),library
_ensure_string,calibrated_explanations\plugins\registry.py,542,13,0,Consistent (Internal Only),library
_assert_catalog_trust_consistency,calibrated_explanations\plugins\registry.py,833,8,0,Consistent (Internal Only),library
_assert_trust_invariants,calibrated_explanations\plugins\registry.py,867,2,0,Consistent (Internal Only),library
_verify_trust_invariants_if_enabled,calibrated_explanations\plugins\registry.py,891,18,0,Consistent (Internal Only),library
_reset_explanation_plugin_catalog,calibrated_explanations\plugins\registry.py,897,4,0,Consistent (Internal Only),library
_reset_interval_plugin_catalog,calibrated_explanations\plugins\registry.py,915,4,0,Consistent (Internal Only),library
_reset_plot_plugin_catalog,calibrated_explanations\plugins\registry.py,933,4,0,Consistent (Internal Only),library
_list_descriptors,calibrated_explanations\plugins\registry.py,1971,8,0,Consistent (Internal Only),library
_refresh_descriptor_trust,calibrated_explanations\plugins\registry.py,2004,4,0,Consistent (Internal Only),library
_refresh_interval_descriptor_trust,calibrated_explanations\plugins\registry.py,2049,4,0,Consistent (Internal Only),library
_refresh_plot_builder_trust,calibrated_explanations\plugins\registry.py,2095,4,0,Consistent (Internal Only),library
_refresh_plot_renderer_trust,calibrated_explanations\plugins\registry.py,2139,4,0,Consistent (Internal Only),library
_sync_descriptor_trust_for_plugin,calibrated_explanations\plugins\registry.py,2183,6,0,Consistent (Internal Only),library
_register_legacy_plugin,calibrated_explanations\plugins\registry.py,2245,6,0,Consistent (Internal Only),library
_resolve_plugin_from_name,calibrated_explanations\plugins\registry.py,2368,5,0,Consistent (Internal Only),library
_trust_legacy_plugin,calibrated_explanations\plugins\registry.py,2395,6,0,Consistent (Internal Only),library
_untrust_legacy_plugin,calibrated_explanations\plugins\registry.py,2434,4,0,Consistent (Internal Only),library
_safe_supports,calibrated_explanations\plugins\registry.py,2472,3,0,Consistent (Internal Only),library
_ENV_TRUST_CACHE,calibrated_explanations\plugins\_testing.py,21,5,0,Consistent (Internal Only),library
_PYPROJECT_TRUST_CACHE,calibrated_explanations\plugins\_testing.py,28,7,0,Consistent (Internal Only),library
_TRUST_POLICY,calibrated_explanations\plugins\registry.py,150,5,0,Consistent (Internal Only),library
_mutation,calibrated_explanations\plugins\_testing.py,158,18,0,Consistent (Internal Only),library
_priority,calibrated_explanations\plugins\registry.py,1207,5,0,Consistent (Internal Only),library
_LAST_DISCOVERY_REPORT,calibrated_explanations\plugins\registry.py,971,9,0,Consistent (Internal Only),library
_TRUST_LOCK,calibrated_explanations\plugins\_trust.py,13,2,0,Consistent (Internal Only),library
_TRUST_CONTEXT,calibrated_explanations\plugins\_trust.py,14,6,0,Consistent (Internal Only),library
_assert_mutation_context,calibrated_explanations\plugins\_trust.py,77,4,0,Consistent (Internal Only),library
_as_2d,calibrated_explanations\preprocessing\builtin_encoder.py,73,2,0,Consistent (Internal Only),library
_safe_val,calibrated_explanations\preprocessing\builtin_encoder.py,80,2,0,Consistent (Internal Only),library
_should_raise,calibrated_explanations\utils\deprecations.py,25,2,0,Consistent (Internal Only),library
_fit,calibrated_explanations\utils\distribution_guard.py,89,1,0,Consistent (Internal Only),library
_preprocess,calibrated_explanations\utils\distribution_guard.py,116,2,0,Consistent (Internal Only),library
_scale,calibrated_explanations\utils\distribution_guard.py,162,2,0,Consistent (Internal Only),library
_numeric_features,calibrated_explanations\utils\distribution_guard.py,79,4,0,Consistent (Internal Only),library
_ohe,calibrated_explanations\utils\distribution_guard.py,150,6,0,Consistent (Internal Only),library
_knn,calibrated_explanations\utils\distribution_guard.py,102,6,0,Consistent (Internal Only),library
_cal_scores,calibrated_explanations\utils\distribution_guard.py,103,3,0,Consistent (Internal Only),library
_scale_min,calibrated_explanations\utils\distribution_guard.py,173,5,0,Consistent (Internal Only),library
_scale_range,calibrated_explanations\utils\distribution_guard.py,174,3,0,Consistent (Internal Only),library
_class,calibrated_explanations\utils\helper.py,106,3,0,Consistent (Internal Only),library
_normalize_digit_string,calibrated_explanations\utils\int_utils.py,12,2,0,Consistent (Internal Only),library
_ensure_joblib_pool_attribute,calibrated_explanations\utils\__init__.py,42,2,0,Consistent (Internal Only),library
_get_pool,calibrated_explanations\utils\__init__.py,52,1,0,Consistent (Internal Only),library
_set_pool,calibrated_explanations\utils\__init__.py,55,1,0,Consistent (Internal Only),library
_pool,calibrated_explanations\utils\__init__.py,56,1,0,Consistent (Internal Only),library
_PROBABILITY_TOL,calibrated_explanations\viz\builders.py,34,2,0,Consistent (Internal Only),library
_ensure_indexable_length,calibrated_explanations\viz\builders.py,76,48,0,Consistent (Internal Only),library
_normalize_interval_bounds,calibrated_explanations\viz\builders.py,102,4,0,Consistent (Internal Only),library
_legacy_color_brew,calibrated_explanations\viz\builders.py,122,2,0,Consistent (Internal Only),library
_legacy_get_fill_color,calibrated_explanations\viz\builders.py,151,10,0,Consistent (Internal Only),library
_EXTRA_RULE_LINE_UNITS,calibrated_explanations\viz\matplotlib_adapter.py,30,4,0,Consistent (Internal Only),library
_compact_rule_row_units,calibrated_explanations\viz\builders.py,177,4,0,Consistent (Internal Only),library
_build_probability_segments,calibrated_explanations\viz\builders.py,188,6,0,Consistent (Internal Only),library
_key,calibrated_explanations\viz\builders.py,996,4,0,Consistent (Internal Only),library
_label_for,calibrated_explanations\viz\builders.py,729,8,0,Consistent (Internal Only),library
_resolved_ylabel,calibrated_explanations\viz\builders.py,1023,3,0,Consistent (Internal Only),library
_HEADER_BAR_Y_SPAN,calibrated_explanations\viz\matplotlib_adapter.py,27,5,0,Consistent (Internal Only),library
_HEADER_Y_LIMIT,calibrated_explanations\viz\matplotlib_adapter.py,28,5,0,Consistent (Internal Only),library
_SINGLE_HEADER_HEIGHT,calibrated_explanations\viz\matplotlib_adapter.py,29,3,0,Consistent (Internal Only),library
_import_pyplot_with_retries,calibrated_explanations\viz\matplotlib_adapter.py,33,6,0,Consistent (Internal Only),library
_first_float,calibrated_explanations\viz\matplotlib_adapter.py,113,4,0,Consistent (Internal Only),library
_float_vector,calibrated_explanations\viz\matplotlib_adapter.py,125,4,0,Consistent (Internal Only),library
_finite_bounds,calibrated_explanations\viz\matplotlib_adapter.py,141,8,0,Consistent (Internal Only),library
_plot_probability_triangle,calibrated_explanations\viz\matplotlib_adapter.py,155,2,0,Consistent (Internal Only),library
_finish_non_panel_figure,calibrated_explanations\viz\matplotlib_adapter.py,191,4,0,Consistent (Internal Only),library
_body_has_multiline_labels,calibrated_explanations\viz\matplotlib_adapter.py,216,2,0,Consistent (Internal Only),library
_count_body_extra_lines,calibrated_explanations\viz\matplotlib_adapter.py,230,0,0,Pattern 3 (Completely Dead),library
_body_y_layout,calibrated_explanations\viz\matplotlib_adapter.py,244,6,0,Consistent (Internal Only),library
_set_compact_y_tick_labels,calibrated_explanations\viz\matplotlib_adapter.py,266,12,0,Consistent (Internal Only),library
_estimate_body_panel_height,calibrated_explanations\viz\matplotlib_adapter.py,274,6,0,Consistent (Internal Only),library
_resolve_panel_layout_policy,calibrated_explanations\viz\matplotlib_adapter.py,289,2,0,Consistent (Internal Only),library
_render_triangular_spec,calibrated_explanations\viz\matplotlib_adapter.py,313,2,0,Consistent (Internal Only),library
_threshold_xlabel,calibrated_explanations\viz\matplotlib_adapter.py,465,2,0,Consistent (Internal Only),library
_class_labels,calibrated_explanations\viz\matplotlib_adapter.py,481,2,0,Consistent (Internal Only),library
_global_xy,calibrated_explanations\viz\matplotlib_adapter.py,500,2,0,Consistent (Internal Only),library
_render_global_spec,calibrated_explanations\viz\matplotlib_adapter.py,564,2,0,Consistent (Internal Only),library
_regression_sign_colors,calibrated_explanations\viz\matplotlib_adapter.py,1007,2,0,Consistent (Internal Only),library
_header_caption,calibrated_explanations\viz\matplotlib_adapter.py,1027,2,0,Consistent (Internal Only),library
_render_dual_header_band,calibrated_explanations\viz\matplotlib_adapter.py,1040,4,0,Consistent (Internal Only),library
_render_single_header,calibrated_explanations\viz\matplotlib_adapter.py,1138,2,0,Consistent (Internal Only),library
_render_body,calibrated_explanations\viz\matplotlib_adapter.py,1191,2,0,Consistent (Internal Only),library
_x,calibrated_explanations\viz\matplotlib_adapter.py,616,7,0,Consistent (Internal Only),library
_x2,calibrated_explanations\viz\matplotlib_adapter.py,619,4,0,Consistent (Internal Only),library
_x3,calibrated_explanations\viz\matplotlib_adapter.py,621,3,0,Consistent (Internal Only),library
_spacer_ax,calibrated_explanations\viz\matplotlib_adapter.py,950,2,0,Consistent (Internal Only),library
_safe_str,calibrated_explanations\viz\matplotlib_adapter.py,1820,2,0,Consistent (Internal Only),library
_get_default_template_path,calibrated_explanations\viz\narrative_plugin.py,72,1,0,Consistent (Internal Only),library
_format_output,calibrated_explanations\viz\narrative_plugin.py,381,1,0,Consistent (Internal Only),library
_format_as_text,calibrated_explanations\viz\narrative_plugin.py,425,1,0,Consistent (Internal Only),library
_format_as_html,calibrated_explanations\viz\narrative_plugin.py,462,1,0,Consistent (Internal Only),library
_format_as_markdown,calibrated_explanations\viz\narrative_plugin.py,506,1,0,Consistent (Internal Only),library
_template_path,calibrated_explanations\viz\narrative_plugin.py,60,3,0,Consistent (Internal Only),library
_to_boundary_value,calibrated_explanations\viz\serializers.py,27,32,0,Consistent (Internal Only),library
_safe_floats,calibrated_explanations\viz\serializers.py,397,6,0,Consistent (Internal Only),library
_resolve_explainer,calibrated_explanations\viz\_matplotlib_compat.py,77,4,0,Consistent (Internal Only),library
_plot_probabilistic,calibrated_explanations\viz\_matplotlib_compat.py,89,4,0,Consistent (Internal Only),library
_draw_proba_triangle_lines,calibrated_explanations\viz\_matplotlib_compat.py,452,2,0,Consistent (Internal Only),library
_color_brew,calibrated_explanations\viz\_matplotlib_compat.py,784,2,0,Consistent (Internal Only),library
_get_fill_color,calibrated_explanations\viz\_matplotlib_compat.py,801,14,0,Consistent (Internal Only),library
_e,calibrated_explanations\viz\_matplotlib_compat.py,43,3,0,Consistent (Internal Only),library
_MATPLOTLIB_REQUIRED,calibrated_explanations\viz\__init__.py,131,2,0,Consistent (Internal Only),library
